week_start,baseline,baseline_deterministic,sentiment,competitor_shock,noise,quarter_scale,spend_true_search_nonbrand,spend_planned_search_nonbrand,adstock_search_nonbrand,contrib_search_nonbrand,spend_true_search_brand,spend_planned_search_brand,adstock_search_brand,contrib_search_brand,spend_true_social,spend_planned_social,adstock_social,contrib_social,spend_true_display,spend_planned_display,adstock_display,contrib_display,spend_true_video,spend_planned_video,adstock_video,contrib_video,spend_true_affiliate,spend_planned_affiliate,adstock_affiliate,contrib_affiliate
2023-01-02,265087.7047540425,265087.7047540425,0.0,0.0,21206.061385006436,1.0,28886.341368778714,20633.100977699083,24217.367476966283,55636.89930121441,5972.535567927943,6617.857194953295,4922.026244960207,7791.972040851181,28126.469770140167,20090.33555010012,16034.715299618498,67202.94492618369,18344.475102134613,13103.196501524724,11927.621924051036,16274.468081246629,0.0,0.0,0.0,0.0,11015.81687280583,11015.81687280583,8721.078325772514,4695.317357018246
2023-01-09,402113.4863708792,371296.75748994097,0.07973272489658634,0.0,15206.401068218078,1.0,36733.87653644875,36733.87653644875,34710.80088144797,63941.084626038304,12159.486035868396,10311.442853856073,10886.489183066938,11933.867809335188,39572.706916491625,39572.706916491625,29453.72607813201,94730.69860325882,25463.122930464877,25463.122930464877,20728.44640481504,23441.6229949512,32320.29004124123,32320.29004124123,3232.0290041241237,9534.393806147922,17679.411674351904,17679.411674351904,15813.273830583395,5899.367450731966
2023-01-16,383002.764380304,369356.31341275305,0.03628040972259184,0.0,-42814.01883226487,1.0,21244.35214142135,21244.35214142135,23420.969000687925,54742.13701190442,9184.373365806521,7747.881109373986,9483.758530236244,11206.908645055242,32333.313489301807,26073.218695986343,31095.647700431135,96822.53816376811,17459.821422574805,17459.821422574805,18603.194384985734,22085.591545078758,19866.094234963064,19866.094234963064,10066.681933806616,35679.86577818982,12910.052899466127,12910.052899466127,13514.831759712142,5587.625871762702
2023-01-23,330191.32635624876,317415.2700885878,0.0394613464369872,0.0,13193.555819167575,1.0,17715.372818973643,17715.372818973643,18637.58305317067,48167.32737769046,11822.37416053671,8529.007028529128,11411.035042112298,12179.390155801191,21445.902751628924,22792.291993623647,25594.695450154806,88971.18781880382,16436.064328351975,16436.064328351975,17194.13539839028,21072.787085927244,22725.291240497114,22725.291240497114,16935.13969516285,53397.46772036038,12542.473539972818,12542.473539972818,12745.028473308064,5469.567822087645
2023-01-30,324997.1976959435,313175.0872608591,0.03705414145542515,0.0,-3564.298607507632,1.0,21528.88005389293,21528.88005389293,21061.552259960423,51779.057222074094,8926.099737585693,7442.253968829715,9363.17502719242,11139.085958010037,25375.443380776647,25206.790479979743,25469.951373360887,88762.41149728483,14809.42763047294,14809.42763047294,15643.605784031211,19838.392477130717,20400.01225407014,20400.01225407014,19498.804513443636,58053.541163631344,11965.102650057956,11965.102650057956,12127.571400737957,5369.054154655351
2023-02-06,267475.7080970202,257927.07402047244,0.036351865229543964,0.0,20416.312648669358,1.0,31695.405386393002,31695.405386393002,29976.628267594137,60862.54498659561,13662.383171599471,10375.754447467585,12906.195422090927,12813.171573344567,25753.03093596386,26202.22931035097,25631.582034958148,89032.62546702582,17838.49195295148,17838.49195295148,17070.738001362803,20979.335288389397,0.0,0.0,18725.516402084148,56738.333631454094,13152.480664712744,13152.480664712744,12938.978690660784,5500.042633463617
2023-02-13,268667.9232911457,253528.92790854035,0.05799820053154827,0.0,22850.939777848398,1.0,15148.47284775759,15148.47284775759,17545.185871134407,46319.884799417436,7545.008005101811,5429.702177805942,8487.987299149772,10617.970749669357,13184.865840875771,13516.369427953421,18536.04149700284,74229.6435152197,8758.90801167021,8758.90801167021,11666.379139060882,15987.52775588558,0.0,0.0,13813.180025068894,46419.442664256654,7078.116807408235,7078.116807408235,8299.010908552706,4593.966101999957
2023-02-20,288246.4002643188,249366.83245216977,0.14489063579318356,0.0,14787.73113506436,1.0,20418.146738818,20418.146738818,19953.78266133479,50206.69729336884,14449.202512110161,8678.054393923236,13400.68432753589,13003.73014742637,23234.658116397655,24469.266294205783,21214.87302250195,80602.07381278704,16715.651711944734,16715.651711944734,14949.437239996663,19241.03399584344,0.0,0.0,7584.241842355316,26957.363540228314,11971.648560063462,11971.648560063462,11206.590173123483,5208.381983727248
2023-02-27,259727.42314766799,242028.95142139588,0.07057535560589037,0.0,15493.56447429256,1.0,19366.586428104518,19366.586428104518,19461.496471302966,49466.6267225372,8485.653063712281,6634.333029918872,9350.157948910963,11131.709634612364,20347.444198512538,20136.825237621382,20720.56484882275,79506.46275796993,15060.239171411844,15060.239171411844,15021.492333340599,19304.398121526665,0.0,0.0,3573.587672131132,10897.517333867654,7898.480313757545,7898.480313757545,8587.602821484734,4663.7841317291395
2023-03-06,252683.2045647239,239574.371932724,0.053272649617661996,0.0,-6037.259572584272,1.0,17279.929845576946,17279.929845576946,17632.542089299634,46473.10026048877,8226.698763627805,6845.5359083420335,8424.304008801842,10577.947540145246,17089.77334927001,18162.185427094966,18650.876971201575,74525.8071251992,11979.468180253212,11979.468180253212,13043.572362805284,17443.491182217902,0.0,0.0,1474.5064375134496,3175.154931147191,9929.38585406403,9929.38585406403,9649.874930998247,4902.50610782444
2023-03-13,251043.8197112785,235339.23075759324,0.06459949602980239,0.0,12626.109069931597,1.0,15142.490267040022,15142.490267040022,15544.963768994136,42530.58866964926,5306.595172137057,4641.607867970484,5854.969002373803,8666.947228861987,35410.57232256757,37801.38348399302,28205.651223013425,93006.50407478274,9957.572322058943,9957.572322058943,11037.057654434944,15274.902503635205,0.0,0.0,408.0002450814029,478.9961937172302,7332.19212739574,7332.19212739574,7814.9957403907765,4471.53981211468
2023-03-20,239649.12135968584,237523.71855913004,0.008908373145205768,0.0,4387.675327062359,1.0,19101.61947063686,19101.61947063686,18526.74803289439,47986.524173864265,7579.17993956337,7528.0251864160555,7275.908466461926,9800.747744379983,48528.10977323773,46852.22469203916,39791.62668530593,105321.98563403555,14035.168933226429,14035.168933226429,12986.445258034688,17385.823735611044,0.0,0.0,0.0,0.0,10901.505297290074,10901.505297290074,10258.545048133503,5027.7532344059055
2023-03-27,216454.1425260489,231329.14174482878,-0.06646284022153835,0.0,-4817.666839429494,1.0,18418.66172477438,18418.66172477438,18436.13199445267,47837.61503121013,4986.087224393361,6187.516856866795,5388.843899659175,8244.477523461583,19484.59431920403,19444.826272892093,28215.10998824096,93020.03777842305,11622.058089439006,11622.058089439006,12099.327344850892,16460.27387257917,0.0,0.0,0.0,0.0,10241.41658169303,10241.41658169303,10244.984676287319,5025.046067784536
2023-04-03,217067.67767940956,230186.05049750043,-0.05867871351078078,0.0,2662.2233922940027,1.0,12788.695138083136,12788.695138083136,13701.504928994984,38517.8192719501,3964.82260819069,4882.862127856354,4215.293723068977,7043.686857659181,10555.91011742526,11321.892805478683,18147.717233255207,73211.76424150627,8221.3182132924,8221.3182132924,9577.831694242064,13502.458855184264,0.0,0.0,0.0,0.0,5519.564857745487,5519.564857745487,6503.931530174606,4101.296409066323
2023-04-10,200865.54538896392,223130.96073358523,-0.10512311113591541,0.0,15657.525604473078,1.0,13324.59924124131,13324.59924124131,13385.519479102773,37775.720296923224,3568.407205803789,5362.037166120462,3682.188078856808,6421.803597797653,14671.165807940108,15307.599602438833,16165.548803974305,67599.28864461274,9873.922109254907,9873.922109254907,9770.338270899341,13746.078419059166,0.0,0.0,0.0,0.0,7123.045036653748,7123.045036653748,6994.075593871895,4246.9268943119105
2023-04-17,211380.42989895478,226969.65192338463,-0.07115682122414796,0.0,39094.85550214306,1.0,13887.893280718205,13887.893280718205,13806.693306532878,38761.2319187538,3572.3087530413623,4897.67230776945,3591.6354277310634,6310.724824705075,14585.268728933079,14831.377702143815,15264.483559215545,64800.66623694971,10809.55131197399,10809.55131197399,10446.031225679819,14577.50591384715,0.0,0.0,0.0,0.0,6990.452221325718,6990.452221325718,6991.207010642136,4246.101124678336
2023-04-24,209484.98699973722,225363.64504107533,-0.07306322204567882,0.0,-22703.510431109833,1.0,14422.544724323347,14422.544724323347,14323.003070395804,39930.12420665563,4423.432701146731,6529.144479840975,4277.127871840687,7112.460428379865,16965.22323572409,16067.16853347116,16234.003656809697,67805.33456822227,11778.83655515863,11778.83655515863,11312.61989112046,15590.698792879348,0.0,0.0,0.0,0.0,9424.270120261173,9424.270120261173,8917.431286898649,4740.8664942048
2023-05-01,199382.7847735035,219943.548603124,-0.09814439750437584,0.0,-17951.008482644353,1.0,11343.117362555819,11343.117362555819,11824.763978300645,33864.726820017706,3169.150315036191,4631.139004107017,3364.032494689258,6024.045692023749,12340.239397143298,13612.662542008215,14014.104958747314,60639.405468327925,9047.991695019848,9047.991695019848,9840.150510942198,13833.685108009815,0.0,0.0,0.0,0.0,5633.466426320644,5633.466426320644,6317.559199713081,4043.4057191470642
2023-05-08,208396.72648535317,216127.64954065857,-0.03642560131369939,0.0,-1039.381511604918,1.0,15492.506016075502,15492.506016075502,14899.679405658446,41185.851521858116,3969.4230794510145,5450.928643321252,3862.940923938817,6638.6647241960745,15530.490088751481,16208.242146257217,14878.471440503934,63551.270221240375,10639.351816629063,10639.351816629063,10359.787021170137,14473.424107996241,0.0,0.0,0.0,0.0,7653.709982649391,7653.709982649391,7375.372313771288,4354.077634872654
2023-05-15,208697.76253196332,212969.10476616965,-0.02026001409475839,0.0,835.884548220452,1.0,15940.109011940749,15940.109011940749,15771.941690011887,42988.86627991233,5808.512530609292,6845.528755884935,5466.305926586898,8316.638544621472,34640.68962869688,32263.139594661214,26144.79851132937,89873.59221004447,8663.750282572406,8663.750282572406,9257.021067964579,13089.786722212664,0.0,0.0,0.0,0.0,7150.1514603610085,7150.1514603610085,7197.067906366758,4304.607162689158
2023-05-22,209581.2231426129,219422.4297582777,-0.0458874106870249,0.0,610.4554228782094,1.0,19129.89011121922,19129.89011121922,18587.136243074554,48085.21538781167,3948.5920507475153,4908.656707971656,4215.542753881008,7043.965177483717,31363.34080842068,29774.7997721694,29119.883563585085,94281.39238101985,11806.188331901585,11806.188331901585,10914.490073845473,15132.537845746618,0.0,0.0,0.0,0.0,9651.944415652175,9651.944415652175,9140.561567060226,4791.455133997802
2023-05-29,204181.83453069767,216229.5490259131,-0.057329627791218155,0.0,-16241.913961826876,1.0,11445.551690674083,11445.551690674083,12599.864429510506,35858.636884403095,3818.75503497911,4379.628192723021,3888.546029099361,6668.873316224037,11825.19535047463,11610.41596730271,19260.381354716646,76061.66128480127,8543.060782327615,8543.060782327615,9372.577868703049,13239.395592438925,0.0,0.0,0.0,0.0,7004.061810991358,7004.061810991358,7449.12261925051,4374.223193087016
2023-06-05,220265.95365798636,215977.64961574724,0.01966076817934804,0.0,48720.62376128726,1.0,15619.10798600511,15619.10798600511,15131.099859113805,41675.33926826536,3509.621198640391,3922.978942256083,3576.2702891783783,6291.711528510868,26446.134151167695,29071.372005775924,23356.952939376235,84976.57988709508,8696.366016297869,8696.366016297869,8932.901302741046,12664.367178091583,0.0,0.0,0.0,0.0,6814.144806015838,6814.144806015838,6946.418976082188,4233.168910823901
2023-06-12,207291.76569912882,216099.3777952176,-0.04161108727480818,0.0,26207.34528735527,1.0,17724.758474699865,12660.541767642762,17305.53874015957,45894.50820533035,4718.554144625136,5427.297748699416,4517.6378290523035,7373.750264929428,43591.86871944667,26699.181125946183,34892.627472551,101002.8535519761,12207.27072331751,8719.479088083935,11061.903409565994,15303.618144005826,0.0,0.0,0.0,0.0,7133.622885223051,7133.622885223051,7094.62586520168,4275.682861980356
2023-06-19,202674.973264377,217316.93249466596,-0.0697532274694016,0.0,-58245.110959590456,1.0,17275.15702100189,12339.397872144209,17280.067696586924,45848.85736430046,3955.7217324917865,4813.714615309469,4054.55715827115,6861.742784869632,21752.582456957858,15798.786333824095,27401.441059438053,91828.44582460039,12122.422852020034,8658.873465728597,11751.453437632572,16081.53627661421,0.0,0.0,0.0,0.0,6455.563666387846,6455.563666387846,6588.688665861121,4127.151068634488
2023-06-26,249638.15741293467,270066.77749242156,-0.07865675340309583,-0.1,12484.132995264044,1.0,16771.556570906396,16771.556570906396,16853.74853622907,45072.035577878494,4672.670583814418,6504.273975384856,4563.950608938306,7422.959967331912,15617.555814639156,18427.591882680365,20683.602993099146,79423.15383999041,12747.329213898834,12747.329213898834,12398.97436631884,16779.29555896553,0.0,0.0,0.0,0.0,10461.937764977221,10461.937764977221,9655.089379883297,4903.612612696816
2023-07-03,264739.64552881,272275.56703694025,-0.028067794204737637,-0.1,8377.110450071248,0.8552823165568142,17435.469978186982,20385.631318064075,17341.444840663495,45958.717304750324,6956.136297263197,8209.163765728692,6535.374739827656,9236.601521618777,25565.395776338075,25025.639672763726,23466.779886318454,85185.58768954896,13367.727955853936,15629.608723432495,13028.863473749445,17428.665128705725,0.0,0.0,0.0,0.0,10791.91756971935,12617.959427906015,10555.101412685708,5086.0554775925175
2023-07-10,241611.28434957264,238418.22009374687,0.013303812876290178,-0.1,36714.872779948186,0.8552823165568142,11025.575062699725,12891.152838382488,12046.425392131594,34445.4544912313,3710.362276985977,4152.4835017503765,4207.253739282774,7034.695415272566,9284.762671943989,10549.810769054593,15381.791154005725,65174.264723059096,6452.785816420195,7544.626717406887,8753.084339804764,12424.674386325878,0.0,0.0,0.0,0.0,5360.035096034905,6266.977572520467,6442.235273334118,4082.2923154861555
2023-07-17,272757.2733644419,266102.2057328961,0.02470182407633588,0.0,-7089.912292665512,0.8552823165568142,9318.12900537912,10894.799091476529,9759.11059020349,28047.45387076858,2860.7991462448517,4055.224203547304,3097.6270541465788,5674.206274029484,9810.163736339873,12052.102468181689,12205.450816046696,54010.770823261606,7837.781382385424,9163.969873642045,8157.950581243806,11612.78283127714,0.0,0.0,0.0,0.0,4830.5824752328135,5647.93914444498,5166.310804442497,3650.3190139914595
2023-07-24,240344.42600465147,222421.04629630013,0.07750081238458219,0.0,28731.668509204166,0.8552823165568142,11560.084055263425,13516.103199469715,11268.988066793803,32371.422227510153,4914.408684928224,5858.2261078489155,4594.854950968436,7455.603810761556,15178.611376745688,18678.763966084953,13900.383576054619,60244.27847861582,8527.423541624355,9970.302643405466,8398.180026840875,11943.927949486966,0.0,0.0,0.0,0.0,5463.57826256869,6388.040716852303,5401.653563341283,3736.104097322872
2023-07-31,250154.07194138924,235714.91071770742,0.05945394643502102,0.0,39181.8818962313,0.8552823165568142,15598.825274946546,18238.21792287735,14898.982514568266,41184.365145098134,4722.909932893296,5866.615924338719,4700.386341404834,7565.923235486427,13173.43927195464,15010.934316665747,13485.972656840231,58780.224561005576,10118.847763925909,11831.00312965928,9516.961840550175,13424.801885212288,0.0,0.0,0.0,0.0,7756.493658446075,9068.927894677021,7265.949706640872,4323.848321678073
2023-08-07,228112.45252456027,208933.7698789745,0.08782140897881696,0.0,26601.01181052995,0.8552823165568142,6824.548348064622,7979.293171334129,8129.639977099092,22968.920121317966,3717.2028545294406,4282.5312738904795,3890.135005030421,6670.743857469964,8712.026753895221,9740.522212113525,10764.357540718665,48186.11247467333,5580.628960998417,6524.8969293143455,6957.547858486826,9890.870420681067,0.0,0.0,0.0,0.0,4102.229181006551,4796.345138434825,4761.273491686037,3495.2228246875943
2023-08-14,215518.71227042092,207627.59387249182,0.03730167673563557,0.0,-2880.488268427925,0.8552823165568142,8906.303781987146,10413.291154951083,8780.76960681543,25045.65217380683,2697.8421068976277,3928.0363600369183,2907.554512875829,5414.623761858275,9567.04902456407,12469.991709192083,10081.546540965903,45255.123773976025,6456.3708053478595,7548.818302873189,6631.6800283350885,9405.095961811441,0.0,0.0,0.0,0.0,4231.243477439833,4947.189244451966,4341.655650212901,3323.577243413525
2023-08-21,227240.91286374966,211343.95607561336,0.07252381501195439,0.0,36723.812638286254,0.8552823165568142,10249.13744985205,11983.338426910206,10011.801366058326,28797.883476025952,3051.7138276829655,4322.804852570616,3026.357644657286,5577.876096998802,7495.021922238719,9524.489419083928,8606.777935504508,38558.723210533346,6368.1975841188105,7445.725768955247,6460.359158519183,9146.800049578442,0.0,0.0,0.0,0.0,4511.572384142441,5274.95108551417,4476.17650310578,3379.8997411180007
2023-08-28,243977.23879281885,230681.8027329297,0.05603565372490563,0.0,4631.0864214219055,0.8552823165568142,8700.714570368047,10172.915307538784,8912.62891213408,25458.838673133618,2511.453228016756,3559.2144463109266,2602.019769373381,4978.739397644994,12236.50107218914,13084.159527963595,10676.027759398636,47813.137354362305,5355.517377759444,6261.695435630687,5741.986780184152,8043.761719397031,0.0,0.0,0.0,0.0,4006.711071807565,4684.664927877542,4104.506850683862,3221.1066198742324
2023-09-04,242007.98068566894,241792.21432717543,0.0008919648029206972,-0.1,18368.192706201167,0.8552823165568142,14865.795819124085,17381.156527321455,13903.570090505982,38983.8216627919,4415.749456273968,6825.813536695991,4096.732528797993,6909.931973469826,14529.739147370383,17326.700059735016,12872.849169012929,56543.44607365689,12080.327685073524,14124.37443311861,9863.189057798501,13862.509444071013,16373.96730038855,19144.51752762372,1637.3967300388551,3692.2232264443055,7778.696614862822,9094.8876929646,7013.31489045704,4252.45746742139
2023-09-11,202679.247352752,216064.62367083642,-0.0639528794737899,-0.1,-18865.524321262816,0.8552823165568142,13587.216081638999,15886.235244916857,13638.3491962262,38370.80619232449,2810.6063760095344,5055.734974390971,3036.823113972575,5592.0960937234295,12441.464053288411,13464.431624921786,12626.619199190298,55621.02914282129,8912.462914031707,10420.492440334086,9245.022838571493,13074.190696238085,12794.663519894724,14959.579161420448,5372.958177086611,18244.280417040245,7601.921065513547,8888.2009113871,7479.306710538399,4382.415879485252
2023-09-18,218276.77195168473,217539.3783235019,0.003383969737653668,-0.1,37582.66672451435,0.8552823165568142,13512.654389538991,15799.05737317016,13532.970765321606,38124.05414561005,4314.993086599398,5906.42144125416,4090.175761025022,6902.46146034083,10302.525924066078,13474.070997647405,11301.579749735507,50414.80475822775,11348.57613475573,13268.807170529024,10612.75606535628,14777.033992808547,10234.283319414675,11965.970909600628,9134.284402031715,32554.142886604455,6259.01879841952,7318.073432895241,6513.220711465976,4104.1442193949215
2023-09-25,240694.20547387042,245404.96086184692,-0.019382476628258098,0.0,-62953.20436378882,0.8552823165568142,10013.050809186785,11707.304845839923,10581.984554122564,30451.992518910574,3106.1703918506314,4217.629910913843,3279.2471030680213,5914.422686955332,13382.570400199418,13607.320438366136,12487.896652117135,55095.19557996072,6520.332981813154,7623.603172415204,7951.851083888128,11325.031954197711,8855.420182555697,10353.797817550756,10229.826018147596,36207.74379289939,6522.377748884591,7625.993923436071,6520.470214029544,4106.36427848901
2023-10-02,248365.01169359405,240390.14999527417,0.03263625701843543,0.0,-9368.493896335172,1.0110516898218402,12613.016307895272,12475.144876240542,12284.735404499685,35060.386877481586,4548.665017499043,4585.5672142226485,4325.3870911516415,7165.674954721214,22851.19185038294,25904.38540665602,18395.81525807444,73865.0150061532,8199.290006277037,8109.664509558213,8112.732333797946,11549.93781856556,0.0,0.0,9224.576205083235,32864.90912091175,6481.555339285613,6410.706202793393,6489.6618113106515,4096.914840584182
2023-10-09,268805.2018395314,245582.6598147854,0.09035337012287688,0.0,42173.02424019289,1.0110516898218402,15423.491233269222,15254.898823211532,14916.166029684553,41220.99359454964,8966.616249659031,6768.702116424496,8150.270420467698,10402.230877347023,36331.09651942147,31311.898079498416,28620.690086651786,93593.5073709916,11503.0495372146,11377.311024762323,10317.12601756929,14421.719996899617,0.0,0.0,6596.961769270252,23154.895775065757,7395.1214623490705,7314.286239561285,7206.50239085312,4307.252335878671
2023-10-16,241519.50713167567,242377.08245788887,-0.003544460707047878,0.0,-34382.42487904666,1.0110516898218402,14050.042435444378,13896.463036346015,14190.0362271098,39633.1748392262,7570.711193950268,6949.581153303084,7672.649871042953,10081.732221057977,19283.6515384466,16811.534139269446,23297.889659736054,84863.59374860894,11606.310271838971,11479.443028164214,11155.358619217142,15411.198749288658,0.0,0.0,3584.6164868040014,10941.885189723078,8392.03592374341,8300.303543552942,8145.07380560777,4555.774252856255
2023-10-23,234760.64425802,237742.32467824218,-0.01262095772984584,0.0,-31211.83123530403,1.0110516898218402,18970.414489398572,18763.05106887403,18197.74961601089,47441.1508433718,5256.051656220132,5328.359724156383,5681.107133539456,8512.616190365603,14057.744352857986,16548.488288721343,18030.222968154565,72898.73317731566,12813.100680101159,12673.04214916943,12233.228508414295,16603.65046692293,0.0,0.0,1653.1494546241984,3743.30784490726,10445.797769950319,10331.615955056657,9966.526918274747,4968.631985450386
2023-10-30,249581.96388913802,248744.33961045326,0.003361753379911271,0.0,32486.289384194177,1.0110516898218402,15735.705168109316,15563.699983412462,16133.651765229892,43703.73564323405,5090.405183819533,4891.05621462766,5194.3037540240475,8059.650950481493,15563.77847350161,15775.415485777392,16624.1666503061,68962.47817238868,10091.256212946208,9980.949851064895,10840.514573308801,15046.043779035792,13731.956637427038,13581.85419762938,2020.6523392587826,4983.093009430766,7465.22810379272,7383.62655336463,7986.281322117312,4515.657952690654
2023-11-06,257046.8242251501,259323.0787879143,-0.008816429051313742,0.0,26974.30462938241,1.0110516898218402,31044.234373929055,21932.06672563146,28634.198433019348,59813.681502161744,5411.152917925993,7196.326790070689,5373.011317152811,8229.629237301579,34881.28901382868,22148.858251448797,27032.50925847703,91269.36693125173,18938.829573306364,13379.865288478277,16106.062519056137,20220.579648653507,19829.22520554703,19612.4742237869,5593.020083562577,19139.079105835874,11672.626600295418,11545.034460456001,10904.712730805068,5152.650107938377
2023-11-13,268168.4673605857,255155.5536386967,0.04974201912830266,0.0,-15327.870936379024,1.0110516898218402,29261.166402168503,20672.368539425574,29159.827952378808,60235.028976351656,8634.225383610072,7098.642609838144,8060.610418908436,10343.475915298513,34719.90508141805,22655.35584211403,31415.213676442712,97208.09062678255,16904.65188969165,11942.763630519692,16625.314617892443,20635.29447687496,18083.717427813575,17886.046390961623,10885.265035396229,38271.53831157568,8650.655332548386,8556.096013323253,9120.204939235102,4786.890294924844
2023-11-20,469789.37292630324,478351.46560261014,-0.018061294442153375,0.0,-3295.7595792233565,1.0110516898218402,23834.580793464145,23574.047730105758,24695.314233484663,56150.80952885035,9669.790664746224,9692.438094199117,9386.751940646585,11152.418829849074,31236.810805689795,31030.094914756035,31313.74109741209,97086.3939621936,18248.74915417416,18049.27417448836,17680.883495050166,21433.76135203887,25708.167592417354,25427.15456708989,15512.265872596108,50414.082713666394,13575.973041522273,13427.575640484341,12647.778348099622,5454.094504444522
2023-11-27,331634.42031014746,326264.64677399886,0.01632436661265578,0.0,8205.181740200773,1.0110516898218402,44605.11566712433,31512.53019586276,41387.04308817877,67081.7503827826,13870.896403181438,10663.994783791071,13082.180203063019,12881.991136860135,75274.66665484027,42338.87187582813,56375.761828870345,114499.78167392491,31808.062428279773,22471.694395399274,26866.41869343997,26457.805306709954,30051.36836622767,29722.880312403307,19799.75016381235,58546.15412718344,17519.443777830726,17327.940751395083,16504.612242946634,5982.946688833602
2023-12-04,244178.0084700339,263790.4261719989,-0.07725744541459865,0.0,24635.205927506195,1.0110516898218402,21973.85987365524,15524.047240585483,25111.66277023648,56585.03085748491,5883.404393515943,6121.407034999783,7149.597122291239,9708.299705633231,22139.71134496087,16854.262536863964,36858.423651091754,102863.19081448995,17378.54659938031,12277.559788435055,20697.392676651918,23423.159453443324,14413.178172274796,14255.629378172125,22591.19967594211,62653.72474608969,8574.51353174301,8480.786509791547,10226.456688600727,5021.3412419733
2023-12-11,318348.7228725563,334676.88904458535,-0.0500181613246642,0.0,8364.950603837828,1.0110516898218402,32876.77510605008,32517.40285587513,31621.67996313429,62033.408083044866,11467.536708250036,10663.335996593463,10708.054284716929,11847.290677536035,31956.540680561688,34940.44456865281,34064.13100899699,100160.90149794568,23472.761353313894,23216.183296672087,22501.953074337547,24436.289276906347,33581.79172562237,33214.71301980604,23678.826527941612,64053.297222853886,15935.139760734735,15760.954579426798,14745.946510897382,5761.556821462457
2023-12-18,337614.56544708344,334339.1841914261,0.00974890667317592,0.0,-1534.027391793781,1.0110516898218402,28250.56906408997,27941.765340472422,28795.45041807104,59944.44801693777,10939.901826352398,8531.713625413822,10899.122161439165,11939.936974838805,28996.06660908962,26727.578715724565,31175.0930243014,96919.01823352872,17303.174632492875,17114.035619229227,19121.703314760354,22434.47939394717,23150.135674803863,22897.08420237466,24315.248391232763,64826.30129264612,11320.27061464472,11196.530037588376,12033.883660548934,5353.317973094032
2023-12-25,237380.5632439953,244667.72356741742,-0.03023645431683951,0.0,-13795.059605533925,1.0110516898218402,26305.49356553562,18584.250884747384,26707.951717337706,58141.39972700353,6159.947391290749,5948.783866265217,6993.520875869754,9591.984184348563,24225.8628180105,17072.1790675595,27213.556470701253,91545.22670065374,15523.886605876556,10967.283418242343,16782.403837699763,20757.84137532434,0.0,0.0,23108.663072197054,63332.378611071166,7986.0137058133105,7898.719507823131,8829.237898137973,4720.529479718791
2024-01-01,282390.37707985315,273855.32735359884,0.03069046495562304,0.0,-10176.064008113499,1.1728714068644774,28849.300259654683,17569.396714768354,28503.188569975177,59706.44080449861,10021.115403577554,6517.503636557378,9488.591781157207,11209.60816809135,28951.430689825687,20319.258102517648,28204.349749605357,93004.64133784205,19038.59166963729,11594.61640052775,18249.38915499297,21840.383555260996,0.0,0.0,16447.8128004404,52410.40611504414,10496.856387883929,8949.707808075857,10149.469676042934,5005.873213192391
2024-01-08,391161.881896032,378895.4707510882,0.03186113022283782,0.0,21878.24524226869,1.1728714068644774,30927.569431405103,26369.105129850534,30535.710497626027,61273.90402207839,15972.488418097024,10162.417801565569,14832.035793177572,13509.776300305999,36941.69203569867,29865.486186155093,33185.371675296556,99227.11824457847,19625.993123308774,16733.286367493918,19144.465522285613,22449.516945200226,23123.87815153423,19715.612484196354,11159.27768511865,39107.46712105817,13999.670586561262,11936.236576853384,13197.623447271202,5539.90614768082
2024-01-15,392574.7705143118,377217.149242587,0.03990600289183258,0.0,23656.973356802875,1.1728714068644774,31470.49176470623,26832.005265469455,31319.40065717147,61827.05884692407,15369.291759898833,10710.292001776557,15274.793805063764,13653.966693939023,103032.85919370242,76138.13781333914,73005.10043664424,119393.0292041268,24577.59166508387,20955.060820170333,22677.102988559625,24528.475114028857,34987.36832451821,29830.523721311012,13562.073087542381,45785.854804887436,15480.550348823584,13198.847084360994,15004.986860137682,5796.042899523499
2024-01-22,347549.79754311906,324411.6157898668,0.0688948284230868,0.0,-10499.752548518887,1.1728714068644774,26063.9228618353,22222.319266452138,26913.37929930974,58329.93749690776,16904.48059349586,8366.28994625797,16617.834974112076,14060.23792338881,59268.61864134687,49059.59080386624,65174.598545462424,117425.13176382145,17179.42918926991,14647.325434590422,19102.509763049948,22421.781475086016,25881.139032454517,22066.476240259322,20101.26204808792,59029.29383306659,15507.212991224229,13221.57987692853,15402.592732887259,5847.658469446936
2024-01-29,329236.7579434634,320283.4432329783,0.027570757121219182,0.0,-30420.045502321453,1.1728714068644774,20043.05225773667,17088.87448396344,21153.520945678538,51904.06762318552,11138.09282798708,6938.621837572119,12101.924713999728,12483.687532939546,19310.55994631952,17612.85827777796,39028.29674319305,104715.46627971844,17610.63102321703,15014.971735304563,18132.493488822503,21758.060199842377,19902.893741298474,16969.37415714339,23582.085410371183,63932.90592393975,11401.315244659274,9720.857016319667,12234.833620274774,5386.909581772633
2024-02-05,254327.8374283924,266767.9739096687,-0.0477551356963295,0.0,30536.622009777395,1.1728714068644774,25873.765404997663,22060.18942363672,25110.820112809768,56584.16437016692,10276.736314475815,7509.7907571229,10597.768715730539,11792.970545316837,31962.97906965625,28835.098416011464,35000.446158672225,101109.79249138528,25677.89014851972,21893.18453688482,23038.527966920712,24715.475528683004,0.0,0.0,21350.17925862768,60925.24194273305,14587.180895129131,12437.152794206233,14097.156231218558,5672.043418992499
2024-02-12,252380.44320498104,257365.01948688715,-0.019557742172462003,0.0,-8183.924941570065,1.1728714068644774,20067.30060436398,17109.548827702565,20882.497676294537,51533.30278295389,8677.497846855418,6141.654092352519,9015.254303710975,10938.160631381616,21163.826622802902,18307.734597931983,27112.2831691152,91391.27663639511,16187.957908782157,13801.988703994928,18584.27548614449,22072.628397151027,0.0,0.0,15284.403888259889,49906.79140801177,10608.644038299752,9045.018896539232,11335.346702240933,5231.673483264023
2024-02-19,259220.26069315945,261589.50809681832,-0.009098384437440996,0.0,41838.84494715399,1.1728714068644774,28746.277683919663,24509.317488410074,27475.23462998984,58832.77404860545,11984.212659431681,8841.996152827773,11462.00255331984,12202.558316670424,22880.728178650337,21193.869754368374,24699.861218702674,87438.41636775254,18969.7714811514,16173.786290744927,18834.92616729292,22243.03052946647,0.0,0.0,8382.480755935772,29900.35321643865,16778.866209541742,14305.80207799413,15644.909988560232,5878.360775036985
2024-02-26,245429.1546367306,253541.71656117038,-0.032520042093053224,0.0,-5294.182688536079,1.1728714068644774,23180.93472681006,19764.259398889553,23875.033500146277,55258.30502234077,9611.679568438054,7073.595943150223,9937.13289093131,11453.970241609197,58350.10361293356,47269.60391545563,43883.14877144061,108227.72574301403,17786.311630298278,15164.75849458017,18153.10456600283,21772.62321290209,0.0,0.0,3984.0936922429382,12560.055754824487,13549.937466671214,11552.790346296571,13986.34760617551,5656.286644505893
2024-03-04,255847.89323696186,243323.02108936553,0.05019323535774631,0.0,-4039.113448730736,1.1728714068644774,18341.3213853267,15637.964467357842,19235.749553346282,49118.326766469974,7863.664554285675,5010.514995876015,8228.366915088422,10452.894838952241,34135.540898852356,31440.297038027387,38326.31413226357,104137.63638759716,13694.685612169,11676.203829352444,15254.230408031564,19506.894814072726,0.0,0.0,1512.7674677140144,3294.7203980435547,11232.042563555977,9576.53370848507,11805.80028758272,5314.449140804921
2024-03-11,261133.68578248905,238132.32394090315,0.09220598013792784,0.0,7721.675463164859,1.1728714068644774,19952.077776485836,17011.308878119195,19836.295796826813,50032.46186516407,11171.657049855014,6677.554313475827,10653.961726978485,11820.726080411681,24390.90312304119,21115.73564825713,30381.89027164221,95936.56788657718,11838.812950112431,10093.87122989211,13033.51147230238,17433.351795504248,0.0,0.0,398.0578748259696,461.73472401343537,8861.276714739743,7555.198858866582,9474.659432805782,4864.973475222546
2024-03-18,244907.36831871077,237331.48406873338,0.03142221968790766,0.0,-43021.01509031465,1.1728714068644774,15695.202268642082,13381.861111783099,16364.537900639903,44150.30635673503,5702.191152012027,4463.947724972243,6573.15811316605,9266.727438610607,15635.427067267266,13227.909817109392,21975.042194550355,82221.78582984995,9831.254808862504,8382.21031847397,10951.393212950807,15175.525341538954,0.0,0.0,0.0,0.0,8688.275389260389,7407.696477559623,8852.089455520132,4725.817851559515
2024-03-25,250696.71867288274,234251.3143123347,0.0678493845905637,0.0,-18067.2727028895,1.1728714068644774,13999.0169773033,11935.679304117313,14381.362227545349,40059.57032740464,5030.941477809509,3901.168336706331,5302.201972680651,8162.805187923879,23238.384103751992,22731.40652330941,22695.243109517596,83686.9166352985,10207.412698894123,8702.925690875474,10467.651799561198,14603.505174372336,0.0,0.0,0.0,0.0,8937.34271943159,7620.05337253846,8919.583351904803,4741.360299920233
2024-04-01,267014.74821655656,236231.46459337845,0.12249178709252884,0.0,9358.20136081729,1.0075627308664474,12699.64598318598,12604.322881479544,12971.4661185262,36778.290807648074,5793.381148283976,4094.6398783486748,5706.987639039481,8535.828697899042,54912.230869598185,52214.28266401961,41061.87466416426,106283.75651354784,8571.193348995432,8506.85826938506,9234.563402323973,13060.585343147577,0.0,0.0,0.0,0.0,6265.531888501638,6218.5030237408955,6818.405474734083,4195.794206189991
2024-04-08,260138.98795086055,228453.33351303675,0.12988409745188098,0.0,24821.261125058852,1.0075627308664474,19083.893228903707,18940.650189088108,18095.92586218307,47269.69056318716,8346.725861613977,6116.640454937067,7882.422285810736,10224.798160998416,39756.27166751674,36099.75682364337,40317.59924686372,105727.23522599986,11626.94230018191,11539.670875066402,10790.085996175198,14986.834642727448,0.0,0.0,0.0,0.0,8824.584156499475,8758.347134287935,8406.670923776637,4620.279192925729
2024-04-15,247839.11378420258,225390.96336863094,0.09494329163468951,0.0,-34186.54926617801,1.0075627308664474,13646.503305528446,13544.07312564372,14365.67495377568,40024.82736894124,6504.725528770903,5142.933095085356,6747.0486200860105,9403.450943898979,16128.413109385514,15539.55252049375,26526.890643954346,90483.30866108047,9877.939957483293,9803.796483211341,10196.995919803361,14275.34223003633,0.0,0.0,0.0,0.0,8339.222820258858,8276.628903381126,8353.27313346239,4607.268631031625
2024-04-22,222440.09936343806,220466.80082678774,0.00891072860965797,0.0,30293.56613676563,1.0075627308664474,14717.610735280296,14607.140860226118,14660.726446300236,40671.80994788926,5513.674434276648,5480.658883719999,5730.61262718553,8556.94449174829,24001.646622773387,27312.438222653287,25086.945729192248,88111.57630312767,11197.400295219397,11113.352997475662,10847.455926310058,15054.178076177775,0.0,0.0,0.0,0.0,7182.333058546976,7128.42271604327,7426.255163500051,4367.996236448271
2024-04-29,232151.77056204758,223704.010229695,0.03706754608301536,0.0,29293.49830409375,1.0075627308664474,10881.179962492992,10799.506203584751,11492.077812926975,32977.24045524539,4611.732694797215,4519.316456656777,4808.5324932718495,7677.161150453178,22414.349515423026,21015.641923302457,23563.372658479664,85368.24856874309,9270.306738516485,9200.724138083731,9821.984561122075,13810.926787212682,0.0,0.0,0.0,0.0,6067.994707380246,6022.448549840774,6350.938098082705,4053.8807230388297
2024-05-06,222726.6632692207,213888.08964849307,0.0404923617240442,0.0,-2171.963361159597,1.0075627308664474,13792.632552479407,13689.105531541958,13420.787953108875,37859.363578620076,4078.1166107627087,3809.465105065476,4206.5894647695095,7033.95202116767,12393.729937002317,12376.357292261917,17195.55078447368,70605.31085278554,9122.076123951852,9053.606137364151,9366.89030602848,13232.057416056596,0.0,0.0,0.0,0.0,6388.889125566365,6340.934345668263,6380.983421742221,4063.2693158941224
2024-05-13,218579.28700699654,216719.86930758267,0.008543223582305328,0.0,-920.631793743972,1.0075627308664474,12678.450077772914,12583.286071796401,12798.436063755946,36352.96998693575,4500.359028701462,4795.354630902187,4448.687897471103,7299.835388717231,11883.730684227301,12806.947939605012,14167.278331546715,61167.13927752572,7712.703782072707,7654.812495337352,8291.329035009787,11797.207514700438,0.0,0.0,0.0,0.0,5559.956977276325,5518.224133295476,5730.987505535768,3851.2395350186216
2024-05-20,212242.69548767144,221493.92832818552,-0.042664767562829276,0.0,-503.50578557331625,1.0075627308664474,17636.694776461543,17504.31435797052,16854.674535721762,45073.749246193955,5316.59348139966,7475.154173464313,5163.937561192392,8030.326123859259,14996.831869529771,15282.751270623688,14640.116204951244,62764.238291940164,12930.053109799494,12833.000580202459,11307.430457826087,15584.806036930886,0.0,0.0,0.0,0.0,8502.1338749675,8438.31715337083,7924.867876372074,4499.942035481541
2024-05-27,209745.89291960822,212682.70797233033,-0.013904656849593244,0.0,6417.7599804541605,1.0075627308664474,15089.971717139326,14976.706913486962,15375.20518695498,42182.8768052771,5026.3469255624,6443.19042488451,5050.547742863918,7919.663234508149,29300.33135023479,28597.717813125997,22997.38128317724,84282.32121848137,10712.877529366357,10632.467042676224,10920.845765639271,15139.949036830114,0.0,0.0,0.0,0.0,8646.427298786608,8581.527515761887,8496.117039643399,4641.897343305913
2024-06-03,223973.60591927118,225141.75220353532,-0.005201999430137851,0.0,-3271.530719625795,1.0075627308664474,14510.751080597738,14401.833886927621,14650.475028259834,40649.559087752576,4448.827847620818,4126.495230745603,4554.6643638614405,7413.12083728412,31620.858029623625,30217.94817483089,27913.45978971294,92584.79063593513,13110.132450365478,13011.728251492092,12344.3231273276,16721.60291464542,0.0,0.0,0.0,0.0,8014.4575513401805,7954.301311292247,8114.793511344535,4548.181513632135
2024-06-10,220343.2481762983,214534.1318477556,0.026717700915687308,0.0,-3006.974321397084,1.0075627308664474,23968.288991577054,16991.70274771142,22462.226677395844,53597.16783135172,6002.123166464924,6183.520437658419,5747.529626673424,8572.021721620406,59971.705852193474,41690.75098304602,46189.689295119024,109644.04471586728,16577.88017017179,11752.46226953159,15096.992505866534,19370.449766403515,0.0,0.0,0.0,0.0,9341.354826819192,9271.238941903051,9085.846082213673,4779.162795427069
2024-06-17,217224.3981308673,222717.60136494052,-0.024973695350674407,0.0,-24210.727717157388,1.0075627308664474,15229.655076160949,10796.672724333432,16398.674286802478,44215.69630615643,5718.365473513595,5530.113667230861,5723.49515662336,8550.590346234472,45559.418345194834,30837.523665997778,45830.67451944093,109432.8781176701,11645.109203226943,8255.501012834351,12852.573682180315,17249.78266319084,0.0,0.0,0.0,0.0,6676.652072862289,6626.537354275443,7178.518655177306,4299.397346545922
2024-06-24,297605.9697932599,304039.2426704442,-0.021386418259919875,0.0,-18643.445410620752,1.0075627308664474,18613.118110596046,18473.408692469013,18255.191841457447,47537.3168569115,4970.077912863618,5188.696574804196,5102.596477245234,7970.68929627608,17347.847265153596,18200.860335394493,29593.02291203582,94915.6899229614,9293.758936243736,9224.000304429308,10538.62577612986,14688.591414505765,0.0,0.0,0.0,0.0,8705.927224780102,8640.580837377234,8387.748066253524,4615.677604205163
2024-07-01,303198.69029526314,306459.8294344567,-0.010698350430573367,0.0,-43123.882074449706,0.8778934705843547,19138.68789607944,21800.695115479215,18995.886149296308,48741.93858930154,4899.526083230551,6428.5297274429895,4935.244136171474,7805.217234615598,18283.268667715343,18753.57934870965,23145.159060135138,84569.5132486498,15439.114652705817,17586.546853377364,13724.936956200929,18113.846930958833,0.0,0.0,0.0,0.0,9169.551413483265,10444.947730821725,9006.691566405314,4761.250883300598
2024-07-08,262701.9389632977,268308.82554774045,-0.02111857364929169,0.0,43046.55009283163,0.8778934705843547,14049.891904322967,16004.096596106241,14849.325716445846,41078.26178573084,4770.813635930674,6330.843984114975,4799.735317338693,7668.180059870658,16955.513650612018,19979.141595048834,19616.320643112187,76931.19412843224,9003.499121922161,10255.799164252965,10655.048298396092,14827.296236931154,0.0,0.0,0.0,0.0,6899.433549546233,7859.078328665258,7338.402920394981,4343.9101186782045
2024-07-15,274936.3868671201,270941.62335001427,0.014636364742024087,0.0,9070.985136780744,0.8778934705843547,11762.99093458416,13399.109719718415,12261.843189199439,35001.73851229357,4445.521892189959,5377.029644814334,4507.824493809119,7363.278109453395,16382.627009288157,17994.052411066677,17772.847265482043,72204.67829461921,8831.971180110371,10060.413337203114,9469.679755371793,13364.272462982615,0.0,0.0,0.0,0.0,6246.210797349478,7114.998580854913,6473.728682070785,4092.012665732674
2024-07-22,222826.60114988187,226548.0104888523,-0.016562993625225918,0.0,-6482.801111027336,0.8778934705843547,11987.367798116009,13654.695244671115,12031.731963708902,34407.22085299055,3685.1602659604278,4791.338539425357,3829.8586826436817,6599.448982107365,10665.227653590404,12744.552525453559,13720.779242645187,59614.44065848726,7346.288816045648,8368.086860420224,8089.044530244133,11516.951477531995,0.0,0.0,0.0,0.0,5770.144673517348,6572.7162427538615,5916.710412177516,3913.797270478863
2024-07-29,265620.83788474085,234492.03045804778,0.12464826836082529,0.0,10500.11121624553,0.8778934705843547,14856.763892781084,16923.196709609805,14400.146692611914,40101.121606376524,5487.993625356143,5360.363460672507,5196.344258543612,8061.616816548677,12642.73862514302,16477.185199476568,13106.110437215328,57404.46971941303,7825.343771106708,8913.773747397736,7917.584759474179,11276.865747352798,0.0,0.0,0.0,0.0,7460.522219582951,8498.2090305524,7138.926054127519,4288.23661886207
2024-08-05,224289.91800172097,204690.20899446978,0.09144183127009638,0.0,7298.991480953256,0.8778934705843547,10291.989966725989,11723.50668000219,10956.001938769026,31507.019385486103,4502.15463074167,5137.033717027755,4624.255649390815,7486.516698780055,11244.565944109107,11509.424314814732,12044.863134228102,53385.91375451536,7094.582905636907,8081.371081293632,7382.466051209627,10512.878246385268,0.0,0.0,0.0,0.0,5076.301952042617,5782.366679027313,5505.973496045606,3773.1764043564035
2024-08-12,220011.29600069651,212157.38222938767,0.03635052223295278,0.0,-34972.111071975356,0.8778934705843547,6773.612460179409,7715.756737170707,7449.622863486776,20741.813309634905,1898.8946742389985,2648.412980956565,2378.2584353051775,4643.995315204613,6893.568656151478,8647.621736612178,9108.145630303345,40889.796079095824,4099.197893996345,4669.356854047204,5247.676930212056,7268.556580675192,0.0,0.0,0.0,0.0,3513.5251092047743,4002.222623738227,3928.5781341774536,3142.3170011752522
2024-08-19,227828.25045489674,213669.40199788514,0.06416208757954789,0.0,-16798.636818973362,0.8778934705843547,7116.026370808019,8105.797126012748,7169.946432270797,19811.152446296415,2877.9132985769866,3908.63696800096,2790.029000795283,5249.748707966064,7504.047962875132,9969.92934166967,8193.602569422646,36597.72892551527,6024.256906562926,6862.173040828043,5752.605238752804,8060.282195026981,0.0,0.0,0.0,0.0,3888.808297779821,4429.704090624233,3897.09286915245,3127.9554566950483
2024-08-26,247409.5330084072,232871.45509221888,0.06055838554760065,0.0,-47261.27188638196,0.8778934705843547,9448.870657408788,10763.117592296603,9080.522254175385,25981.162012051478,2618.77101450025,3557.5420648234626,2648.8935826276293,5047.161205138969,11525.127231435128,12503.570489694104,10092.676619412654,45303.776903915226,6222.127370063226,7087.565380707951,6057.885874104007,8532.590309985853,0.0,0.0,0.0,0.0,4920.331432940433,5604.702162399384,4707.177468975723,3473.748470790491
2024-09-02,274727.26384448115,244475.11873254259,0.11666529783963676,-0.1,-12557.265752008525,0.8778934705843547,14857.023338163232,16923.492241346674,13923.352562428583,39029.08828838919,7653.0684017715475,8433.078069666555,6772.8840574761925,9423.498693116158,21834.885329627006,24632.657433081422,16786.6221717742,69435.75465619357,11461.290687392016,13055.44587290643,9571.187323849552,13493.996673050617,23016.05647958688,26217.368337717147,2301.6056479586887,5984.634310234625,9912.011379304166,11290.676729497038,8827.776484791602,4720.190823093303
2024-09-09,235332.61776557524,218973.69965014287,0.07204827848126721,-0.1,32272.09731500382,0.8778934705843547,14284.806571967434,16271.685632265835,14226.383827301235,39714.62752353978,6202.212430709905,6779.678513912942,6302.587867245681,9047.599935871196,17747.88032264372,16511.461519215532,17334.207156950644,70994.9104701614,10681.931864934664,12167.685741898067,10293.39075349221,14392.890385004257,13069.37938791703,14887.204229025216,7060.952058688425,24962.716660736263,7897.253652893329,8995.68560139382,8091.093713024759,4542.220186717392
2024-09-16,231863.3035521791,218217.7059252476,0.060654773685630686,-0.1,17270.816181664304,0.8778934705843547,14186.45639084572,16159.655887863875,14192.909965382882,39639.62236728689,7481.539983339095,7442.045996586013,7274.174087437885,9799.488368670776,20829.041460252352,22823.318188310895,19326.313404145985,76224.22748690432,13093.475799154834,14914.652219066382,12114.011767033058,16476.06225849744,13676.906025443215,15579.23197257569,11539.852393399646,40242.522598420896,8560.452999254601,9751.129591562496,8462.679330556422,4633.841392938907
2024-09-23,268660.9029796598,248300.14252725375,0.07881173415284039,0.0,6177.970660527457,0.8778934705843547,15647.273253312811,17823.658311181505,15412.200762152837,42259.01845532404,7524.585319017151,6450.027352916515,7480.540486029718,9947.416992834938,33265.59847109849,37637.03294567763,27273.027409959064,91635.2088022227,9416.190164328695,10725.89155727627,10359.88381146378,14473.541250052156,13615.854565806654,15509.688842706044,12844.515945642219,43910.31731706755,5856.246732181089,6670.794268788648,6399.200688283111,4068.94340377261
2024-09-30,263595.4958835141,255172.55039340086,0.03247573101464224,0.0,-39979.29011340734,0.9817407344769783,14041.851865082543,14303.01440284367,14263.3448931118,39797.23939877547,6576.696291186993,5601.454257471366,6735.673453290546,9394.602495733929,67092.1024372024,64431.2840820882,49973.70784958833,111684.50585931932,9990.629542829809,10176.443934713894,10119.789919209861,14180.655958470566,0.0,0.0,12161.129386868382,42031.60476924497,9481.095578826556,9657.433216191854,8839.096613293648,4722.812640569949
2024-10-07,251577.4310438842,242284.2791250979,0.03763907521283846,0.0,16655.563783731155,0.9817407344769783,19889.228764090298,20259.14588813132,18979.90263738005,48716.62371203685,9922.782617163046,8182.271750059774,9362.201964206957,11138.534929120786,41861.037253710725,44658.706982032,45349.05035669062,109144.37302219831,14973.722207001792,15252.216477478683,13275.82924339317,17675.591309690204,0.0,0.0,9004.340217092824,32103.88278406939,15238.162900968198,15521.575468788425,13905.153808554105,5644.651075793058
2024-10-14,243896.98999066482,241946.0978622464,0.008030998743140089,0.0,-28978.606447519942,0.9817407344769783,14976.402046106185,15254.946158554634,15623.498177348965,42690.007314418275,6565.481460895593,6299.712485291936,7057.396650479798,9639.86964529887,16726.431198699596,16037.850351114244,29031.76658647956,94161.3791364894,11033.696575955728,11238.910833045878,11817.99257105863,16154.681610045118,0.0,0.0,4932.33452337711,16443.11579382263,7636.376166794511,7778.4041128361505,8942.244442958987,4746.552998331453
2024-10-21,253279.13175682083,250538.7073984959,0.010878738988709218,0.0,4965.290489023953,0.9817407344769783,19842.09778976434,20211.13833107394,19160.23464917497,49000.53706525818,7929.389890358429,8217.230288655266,7776.014993703708,10152.688774738455,24297.01301359237,28096.981181400763,26332.69419554387,90175.14118311425,11482.697374709462,11696.262538018105,11599.986239413338,15913.780813651612,0.0,0.0,2306.8183456111674,6003.5954070730895,11218.383420436456,11427.032643616485,10744.233943202775,5122.361677952718
2024-10-28,248689.2891785983,246600.29935654468,0.008435477981497432,0.0,48254.080814022316,0.9817407344769783,17239.31340157106,17559.945101753663,17549.796859622962,46327.99655250272,7623.171671922865,7296.638506784092,7650.055285154588,10066.100830329427,21692.241632099518,20983.083228306423,23687.33649469908,85601.08959591297,10421.24785089342,10615.071255493267,10833.570579359994,15037.90259371338,18386.073276821542,18728.033411608118,2792.9381764813515,7822.598957994721,10260.770213028836,10451.608915357123,10361.482026811349,5048.184564849497
2024-11-04,263967.02056655614,255764.18018688128,0.03156832445083003,0.0,2281.600067201898,0.9817407344769783,21343.91730263695,21740.889985590653,20730.663825651525,51322.426342993545,8525.801513864828,7697.321168013053,8371.766503949657,10544.70165047687,24944.44747136322,24340.72683306583,24404.128766636826,86913.41620720232,13261.667122727438,13508.319108091793,12412.327657760992,16793.358785877637,17188.642138687454,17508.331410781982,6587.699624390265,23118.46124983725,9695.963517679264,9876.297455299928,9834.599722185569,4941.343017037083
2024-11-11,264279.266241125,261284.12732660718,0.011397945050078337,0.0,15222.507523418382,0.9817407344769783,23800.87397134041,17316.81661788254,23304.62798392981,54607.247260061966,6121.108277837291,5837.870706951882,6516.9765698496,9221.877172650979,27223.16054204384,19986.214491372746,26011.41132325307,89657.47915216911,16693.844016424868,12145.95043140278,15196.186258373466,19456.701022817775,15209.259183651056,15492.134175071975,11333.908436083433,39632.028848854345,10426.163480798998,10620.07831054655,10302.933029629241,5036.589200238176
2024-11-18,258435.19141570452,265659.1827974116,-0.02756926725282669,0.0,1251.7164720033356,0.9817407344769783,33590.25530180954,24439.282856155303,31927.762818775638,62238.520019960466,8782.715639438422,9451.763936467476,8384.194779046327,10552.584987383569,40316.30530059115,27994.355521428002,34166.718065912624,100267.13232063549,26785.876022367345,19488.616409095237,22731.83747630657,24557.072184513232,21093.977516393188,21486.301602460237,14377.7983789862,47802.37589322189,15781.923934669836,16075.44984173204,14640.578567730056,5747.329169399497
2024-11-25,448336.3600395913,494548.304772648,-0.09810107599933789,0.0,-35638.151273823554,0.9817407344769783,48183.64871565765,49079.80999823487,45556.167933516044,68553.29311639897,13435.278898220906,15460.07739259143,12546.843677775372,12669.069862773835,43138.111303087535,43227.56112976678,39281.4715348173,104919.0985200143,32571.23935666067,33177.02751125324,29129.452894593025,27314.588596038262,37872.942485536536,38577.336312436215,18556.12929539317,56440.40636397789,21382.014081604557,21779.69532149016,19977.685015795225,6347.207438818841
2024-12-02,322326.77913703996,337196.2893368204,-0.045099348747094994,0.0,17306.80558941217,0.9817407344769783,37430.32139401748,27233.20212144726,38743.72293890836,65972.47442201714,11038.946946293334,9243.578281234819,11304.170913600521,12130.425946058156,50305.52354830823,30588.508195438448,45566.38150216063,109275.30973379548,26739.41048756673,19454.809451159024,27575.455046839623,26738.513397896797,23707.06941471477,24147.994049920617,23542.970348540584,63884.007353546345,14658.759476504376,14931.395796990964,15766.761155076689,5893.5903809735355
2024-12-09,267907.84724424017,269020.9802573252,-0.004146302268761962,0.0,-36287.520259481134,0.9817407344769783,26223.896851321326,19079.736875520466,28247.508648230836,59494.531299814116,7467.088580054017,6294.102945689347,8141.993019284768,10396.833157554336,28352.753980393194,21901.124516504875,35753.27755836988,101840.22773871254,16112.300102118385,11722.836165455348,20122.096968399524,23074.1596794102,14890.400991027838,15167.345581275782,25322.68564222912,65985.65293025017,9322.350357031599,9495.73551310171,10664.805314063535,5107.195796230018
2024-12-16,342466.2072030119,341124.9929196302,0.003924029461300597,0.0,21377.62671933581,0.9817407344769783,26392.52042856214,26883.391410485518,26692.346961600113,58126.97314588506,15501.392112732581,12140.979527060586,14206.947354609849,13296.630039538442,30365.12350692925,35416.530412799846,32681.672220383167,98671.98391046644,22541.4319287037,22960.67702713042,21695.159755262084,23997.986190850184,30334.11895619435,30898.299205599156,23898.89616878303,64324.29473374868,14612.511657076217,14884.287820512023,13790.152861831963,5628.038769222118
2024-12-23,338490.132242336,342929.1202019283,-0.013028838668444512,0.0,-28763.726008707417,0.9817407344769783,44056.15412044856,32053.96334233909,41249.59716543702,67027.77413746234,14414.529043836614,12907.541918385288,14378.017499910653,13356.120623728655,58203.92339919755,36828.42497946589,47231.733935410215,110238.80291573989,36685.29685920395,26691.144159175605,31441.792400680635,28082.97464184301,0.0,0.0,21464.100839051935,61090.12523621294,18068.50516669426,18404.55889438085,17177.268505003813,6060.3704246493735
2024-12-30,228180.8695959246,246592.61551312936,-0.0775990429101608,0.0,20773.92425656399,1.1673810664791553,28942.583243234225,17709.10488339366,30931.797660844888,61556.81346482158,6546.895975751154,5787.585488402696,7924.311996598503,10252.929333518308,33625.40631757382,21236.928391026395,39474.662056469795,105072.82628859754,19660.536152098837,12029.696653378765,23781.60756652342,25086.7457926329,0.0,0.0,16466.74148131949,52449.40416899066,10833.17544806578,9279.896478652729,12154.732909049044,5373.5917347184395
2025-01-06,394577.4009904652,386593.88768914586,0.02044056504767315,0.0,-1592.5399835513956,1.1673810664791553,42923.457996325575,36769.02018445749,40985.214994302005,66922.86493355433,16625.79130502011,11151.233195726742,15095.28804812682,13596.160607422971,40874.51093115762,38486.10347310399,40272.683369531194,105693.02183979106,22828.041259869646,19554.91819712262,23161.60317852885,24778.179599501513,33743.37609674176,28905.193912826137,12266.331441338414,42326.833809638934,23504.73195157857,20134.583835995658,21140.378889992702,6451.9981700092085
2025-01-13,374331.93628983974,385191.63520449086,-0.028598030248126464,0.0,28151.699935781762,1.1673810664791553,27253.279263320946,23345.658111037712,29472.807469605395,60479.30825138246,10632.559889499818,8293.599563517497,11417.509177731423,12182.33966226391,32988.830648169314,24333.565742337145,36120.436941934706,102186.42850783472,23781.25330198927,20371.457088741387,23564.51043913695,24980.06891967749,24322.103642843485,20834.75939540414,15120.127721934916,49535.77037190255,14089.482803325483,12069.30899249518,15558.276574303725,5867.448215705663
2025-01-20,318014.6759024413,331520.52069137385,-0.04159217789623834,0.0,30346.188386903697,1.1673810664791553,21856.15971772879,18722.386669887845,23087.258147766246,54352.27588154715,7706.190717971486,6915.6176730109155,8358.974548353994,10536.575487512033,26776.51704881181,22833.28962276376,30793.645234821237,96451.91782762043,15219.756349436957,13037.522010991705,18138.740439750865,21762.476225532846,20473.408186570705,17537.896385726825,20065.393526020747,58972.35540882414,11216.955053967356,9608.649117291166,12121.309039282789,5368.006408778459
2025-01-27,324820.53324030025,327518.7939699251,-0.008272615202778232,0.0,-2232.5953120465406,1.1673810664791553,27667.418258604448,23700.417158597524,26927.115161803842,58342.45313060468,11073.645219386617,8628.794541313482,10596.161776096264,11792.174422942868,23561.178735436115,21416.315769028308,26670.55261402675,90709.02788610224,18152.581114199478,15549.833413820928,18147.745570183004,21768.83871911672,22274.94962824413,19081.12977660827,21322.96817885754,60885.665709083296,11769.965906222302,10082.36834071736,11843.155272253727,5320.870017509069
2025-02-03,285698.0646119237,283409.81415736326,0.008041578305621373,0.0,18513.963048749225,1.1673810664791553,28927.88699682199,24780.157762939463,28604.497082711187,59789.4477807582,9286.364887834765,7220.793396316248,9516.745071968475,11225.303870546442,29004.787094071347,25477.216195770026,28001.301193888954,92712.31593688132,17833.59131715679,15276.580911958134,17943.48544711951,21623.553399798177,0.0,0.0,19463.076128418248,57994.35690986323,12227.773267402654,10474.534510210846,12147.652317363729,5372.409915527269
2025-02-10,278255.29139679344,270842.0070935378,0.0270033554604261,0.0,70181.03766693559,1.1673810664791553,25739.770422318423,22049.15872068243,26202.803584593097,57666.727952708694,10320.273955434839,6637.22991281405,10178.941254913037,11580.835505716212,28780.903536435202,25145.326604725768,28445.75496155391,93347.78771069758,14498.369771319443,12419.569057297475,15703.46388534049,19888.558205010173,0.0,0.0,14487.077531177403,48063.504244539115,13127.343160616736,11245.122554719057,12923.260762800619,5497.591742546851
2025-02-17,279083.6670447178,266478.2701732875,0.04621891627628358,0.0,-4655.598048974866,1.1673810664791553,22150.219141848636,18974.283357750646,22805.248822028087,54015.66674889794,9088.122848719324,6490.3028574272585,9279.986906019307,11091.760059709932,25011.010369398566,20723.257335336126,26487.513688818424,90421.10656022128,16090.385104612851,13783.318546652274,15955.032535745953,20097.116606864587,0.0,0.0,7947.804455818024,28313.259188982694,12425.73101666327,10644.108743462428,12529.372958542137,5435.078095904751
2025-02-24,269179.651632781,254027.10158145305,0.05793804615913469,0.0,7082.785548853152,1.1673810664791553,17185.68331100568,14721.571048636282,18093.988183808575,47266.41535151101,8437.255596592586,5320.939864527907,8585.48361199519,10678.666339063957,16205.13464123996,15548.974823723844,20625.434375547615,79291.65084562925,12899.241448570412,11049.726450913568,13968.137123309214,18345.482139407915,0.0,0.0,3737.6074450098185,11559.232813655612,7763.242240075078,6650.135472463308,8756.089515838816,4703.511507237762
2025-03-03,250108.79815313572,245162.02004415734,0.01997671752519815,0.0,-17202.110013917263,1.1673810664791553,22531.731128243806,19301.09351199258,21814.447284447582,52778.74643991387,7265.974529774479,6002.232151958602,7498.062991196905,9959.801751453671,18231.902257107584,16352.74623041021,19260.607464840214,76062.21997080067,15414.033096383757,13203.94303025043,14908.252421847037,19204.6728645313,0.0,0.0,1523.215645143621,3327.5774777702413,10723.016953635355,9185.532694971822,10313.28026915261,5038.6433355034405
2025-03-10,256119.81746119223,252117.88350751708,0.015748602114717358,0.0,18095.351355324263,1.1673810664791553,19120.180383568764,16378.696667777567,19555.66169467334,49610.23560449911,8595.997282052273,7533.808833547109,8402.881611930581,10564.416343995274,19906.160648282133,18274.212440550866,19628.544246899302,76960.70514062583,12409.572647084555,10630.267188170248,13283.60389112724,17683.29576861835,0.0,0.0,445.49899256488266,545.9039619306408,11929.734638438216,10219.22916260629,11593.006079718572,5277.452194904579
2025-03-17,260965.54785341048,257009.8636197711,0.015273934046007097,0.0,35993.64941036374,1.1673810664791553,14614.730144505513,12519.245483896559,15413.345659912777,42261.37155159218,5580.207831705075,5043.364024647383,6076.687941820848,8858.41802344733,15829.000080236514,12882.445311581934,17462.34421768566,71351.86275275056,10113.713329069038,8663.592051884309,11222.526341572946,15488.09924701164,0.0,0.0,0.0,0.0,8228.741036166944,7048.890265956593,8929.561386612699,4743.648310096929
2025-03-24,258540.3386244611,240391.1159316284,0.07278448399260065,0.0,34588.10723913926,1.1673810664791553,15161.805504930968,12987.880256323908,15202.462588003984,41824.64169280881,5637.415678920796,4096.770987470732,5714.67927926613,8542.711120214577,16225.398508764074,13807.625526453292,16756.77152543133,69349.16385341383,8461.864928293064,7248.5884611904985,9427.518202068833,13310.145111743517,0.0,0.0,0.0,0.0,5658.524916762992,4847.196069257159,6339.924530783854,4050.429653907707
2025-03-31,260365.40130815023,236339.60351872782,0.09681626540559019,0.0,-18623.41356057295,1.00149335797997,21288.825743710888,21257.081311703183,20305.071161418975,50718.939379418254,8868.563213365478,7537.687432824454,8313.82654595193,10507.796104758001,20064.263142427262,20297.439547425023,18642.185904910908,74503.46910735262,12867.835410667481,12848.647779973433,11664.412932146724,15985.348575772812,0.0,0.0,0.0,0.0,10181.57014379843,10166.388087021203,9381.305176749582,4844.692656520675
2025-04-07,248460.7126260302,231731.2568813976,0.0697064102338645,0.0,7822.194447714421,1.00149335797997,16646.79334732129,16621.97079459236,17238.09022901399,45773.43702691156,6186.051412347224,5542.366313308141,6560.305794476726,9256.496831224638,13479.546540994163,14096.300902913212,15698.781950492184,66169.83048075852,12250.957451207625,12232.689666477692,12045.777071203536,16402.561957164195,0.0,0.0,0.0,0.0,8605.232135466971,8592.400605455714,8766.898271749098,4706.034822881061
2025-04-14,254457.11789411653,231152.59165418491,0.0960542639161159,0.0,-25158.216238981884,1.00149335797997,18562.956082402634,18535.276279659454,18348.814595493008,47693.19294880883,9423.74237361503,7006.950500042227,8920.092493092623,10881.806171684118,19481.717668500085,19444.203094921108,17855.239765168364,72428.11862868143,14317.981961565452,14296.631972123187,13523.16120987201,17918.649480907217,0.0,0.0,0.0,0.0,7152.883036274728,7142.2171493001415,7489.10348679064,4385.068471927465
2025-04-21,243566.58335837154,227391.4243462244,0.06871747924682461,0.0,-67279.73183844064,1.00149335797997,14681.144428445232,14659.252916122541,15273.959421204021,41973.45514942771,6122.42119972374,5483.951859365734,6614.503623307241,9299.520956803235,13709.766919873538,14029.680453501162,15491.845810277006,65522.213408585485,12295.531130237501,12277.196880304635,12724.95187837671,17118.9060568336,0.0,0.0,0.0,0.0,8064.344954674987,8052.319958407827,7944.514638805607,4504.982056574429
2025-04-28,248215.7127536289,226309.08301421508,0.09239648870722185,0.0,10143.901322026413,1.00149335797997,12213.594540520116,12195.382468791558,12708.249212411269,36129.282157007496,6045.075879951998,4762.798758069321,6145.23252916119,8916.438114286117,10258.402100138284,11517.005562855826,12508.215150215467,55172.492056366296,9052.590237324774,9039.09163769594,10337.169345722437,14446.030156448292,0.0,0.0,0.0,0.0,5077.882100115906,5070.310311750928,5675.039098662707,3832.0666538636706
2025-05-05,242363.20301349642,221221.23977110858,0.09127415421881498,0.0,25032.432791917297,1.00149335797997,10270.42706159273,10255.112507494174,10664.458545523414,30686.691850967156,3118.1619110257484,3337.9208707284592,3650.593382899241,6383.235125720734,12166.249241852967,10903.00932958388,12313.101449063486,54426.27478591846,7327.792878232123,7316.866177737226,8380.459791748992,11919.658946099906,0.0,0.0,0.0,0.0,5145.1555445401245,5137.4834426440875,5255.5372031710685,3683.2015158727904
2025-05-12,241461.8334486367,233197.68298167046,0.03482490238205602,0.0,23650.1230904073,1.00149335797997,14428.134830009112,14406.620588189338,13819.80211996049,38791.44048686729,4920.804113219997,5478.697213250401,4697.386738099824,7562.81189624886,25504.57678363011,25562.76639889482,19833.313810319625,77451.66085211573,8714.639937884072,8701.645266486496,8597.739858554167,12215.496902711162,0.0,0.0,0.0,0.0,5648.577625130221,5640.154854869435,5566.702162537092,3794.4970402498748
2025-05-19,223100.0835001683,226080.77710169158,-0.013271880505833247,0.0,-27209.734802954572,1.00149335797997,17078.172759200683,17052.70696317713,16551.513904740455,44506.480460492254,5214.326008343745,5707.958758271877,5123.401555913798,7990.976523038924,34233.91541422055,32617.397526697798,28042.951415027106,92772.55742573147,11419.643938940768,11402.615751715412,10432.542973860463,14561.267090193116,0.0,0.0,0.0,0.0,6186.840843008878,6177.61545167693,6057.657847846475,3960.1916882959217
2025-05-26,222973.87086833964,226769.46805048842,-0.016879348601687858,0.0,11152.868389089477,1.00149335797997,13935.907996402157,13915.127729365206,14358.67512847351,40009.31215730051,4132.877164134194,4462.094141687995,4307.100505936239,7145.557864712047,12903.72055031761,13833.828251673987,19412.291205890775,76435.19076452323,10637.79523016491,10621.932881932968,10565.996602832614,14721.297529808893,0.0,0.0,0.0,0.0,7018.167785464536,7007.702776601839,6818.081017065925,4195.698692988421
2025-06-02,224823.52524297923,223422.35846180955,0.006251797934206275,0.0,-54499.090846997155,1.00149335797997,15101.584104342282,15079.065661306478,14981.505809268026,41359.85935371684,5338.642383025239,5876.669289116968,5157.204474646978,8023.806277118956,20393.384474263483,19808.005807035108,19971.617554597706,77779.64511023845,11140.82716132393,11124.214726491224,10939.749117010719,15161.972970619012,0.0,0.0,0.0,0.0,8986.805489009486,8973.404983070515,8535.03184857085,4651.234710764143
2025-06-09,227338.12387029425,226147.92637604795,0.0052491150561824644,0.0,23567.36606710669,1.00149335797997,27390.025401876785,19535.13091484198,25384.4043618339,56862.904548577164,5615.902098052336,5981.013834448073,5535.221769414642,8380.168676280542,19054.720806218633,15062.436452084217,19448.90139254451,76524.66897773492,14720.14998810521,10498.71450955431,13397.77375279354,17795.95405726208,0.0,0.0,0.0,0.0,8432.58524010606,8420.011149264868,8453.92620310421,4631.727524394631
2025-06-16,218205.98807159305,226272.40405979214,-0.03630008508259833,0.0,2834.6431047334763,1.00149335797997,22317.38080492356,15917.216187418724,22813.111736832732,54025.142251301404,4909.224291378145,5741.18917764584,5019.330992178528,7888.87136918623,38618.38934671338,23442.75559816569,30377.3356798212,95930.8014998696,16469.109149996406,11746.108248368284,15394.765937016824,19627.582566969002,0.0,0.0,0.0,0.0,7632.833960274888,7621.452403509146,7803.878200096406,4468.645243690716
2025-06-23,293688.714794298,309725.7132190224,-0.05316669654393168,0.0,-15340.332047823522,1.00149335797997,29368.900275821114,29325.10739268277,28309.271258477278,59546.04052218074,9881.226518343943,10551.489758665075,9026.067680039529,10944.525539917853,28557.500565956863,29026.398697632554,29339.997936897085,94578.5850168654,20489.364902879504,20458.812571864597,18707.291754977712,22156.62159205216,0.0,0.0,0.0,0.0,17779.485817623903,17752.974271826868,15701.436448402292,5885.442960150047
2025-06-30,289188.6991746665,312121.7559384548,-0.07631394171522182,0.0,26080.68922805827,0.8594950106547848,16746.916168991116,19484.599632792393,18615.769457132366,48131.85853396868,4431.200846593976,6679.8580683705495,5239.392006202921,8102.953850161148,19581.290900192267,20734.924019459384,23776.71391579076,85767.87378391682,11825.052679239718,13758.139992262546,14232.447777909352,18592.788315377737,0.0,0.0,0.0,0.0,7622.843490610017,8868.979337998418,9305.719935185081,4828.124763907296
2025-07-07,247196.67336328354,273219.2326577387,-0.10009025471643956,0.0,-3875.5834406103454,0.8594950106547848,14329.914411035172,16672.48120511867,15022.648221153437,41446.96420032401,3768.8363011973133,5885.079928078382,4027.492354353168,6830.647916550983,16622.18951382601,19115.729954607792,19698.067255523114,77128.11423051906,11461.741300134918,13335.43669020612,12430.929260703077,16812.927663376104,0.0,0.0,0.0,0.0,7282.704554703328,8473.236568476623,7704.125084558932,4442.501130273257
2025-07-14,281709.5733954486,275871.87384080817,0.020940125952458616,0.0,-7826.796465267236,0.8594950106547848,18855.01342374585,21937.31573773957,18235.578347120332,47504.5265270106,4625.069096504855,5441.272227996366,4519.961318447213,7376.2274313381195,13267.145710340894,17499.591460495903,16031.843322121818,67194.20705463384,9543.311821287964,11103.394089533609,10553.392001715489,14706.243358133393,0.0,0.0,0.0,0.0,8814.754263009949,10255.736396066624,8583.395698321372,4662.782553686652
2025-07-21,228524.6320374434,236075.76070090814,-0.03250877005350633,0.0,12736.04673731756,0.8594950106547848,10220.508688868877,11891.294960610227,11516.00507943306,33041.70693723377,3664.7162781034895,5116.592272171777,3815.1453340493745,6581.9400865880425,12902.107638668447,14454.738889595088,14247.624296493406,61441.91781896726,7787.089136321893,9060.07485766496,8754.733881749575,12426.885095639022,0.0,0.0,0.0,0.0,7507.493469193506,8734.77260033669,7731.617957901201,4449.73781738564
2025-07-28,226540.987332647,242417.2973420236,-0.06773472224304106,0.0,39203.125395985604,0.8594950106547848,15221.291834137235,17709.575559422123,14622.396775071065,40588.53106977172,3489.196579141427,6559.054405579482,3546.527707646812,6254.7693831908955,15814.125867756267,20073.906906782515,15140.715510790287,64403.43087549875,11147.014409104664,12969.260171286613,10310.200219007002,14413.312359378117,0.0,0.0,0.0,0.0,9571.99312880224,11136.764041841332,9188.61894400587,4802.192132399276
2025-08-04,203433.68819532136,219577.52738639363,-0.07636527484699748,0.0,24335.149434950912,0.8594950106547848,8743.13033296959,10172.403823855653,9693.411338658523,27850.62558619083,2012.9882795446053,3620.7276591496984,2282.722540372798,4496.846521930854,9800.206032425702,10750.851531588549,12096.155269526304,53586.150406546236,6896.422522009363,8023.807510826032,8090.556009146148,11519.057607029645,0.0,0.0,0.0,0.0,4511.425078587835,5248.925267350788,5485.745660338633,3766.0325397055585
2025-08-11,186340.33371480115,214408.49321036006,-0.14030828935373083,0.0,-12840.026594016133,0.8594950106547848,10900.744062544765,12682.731054180647,10705.59975885871,30803.334769791207,1566.5040359054494,3910.622073388479,1692.4797133485076,3526.6300967170246,11220.233668010836,14594.987301740337,11596.66711619203,51609.9404949214,6248.1322503453675,7269.538709230416,6892.60716433981,9794.655256153475,0.0,0.0,0.0,0.0,5677.380399443406,6605.483835349126,5637.460379909018,3819.1017370616564
2025-08-18,185428.53317577648,211649.86766063937,-0.13226379977743993,0.0,-33197.74267395424,0.8594950106547848,7711.849796454746,8972.535850533519,8195.737327475043,23182.37235423432,1533.8443025324043,3527.5021000881543,1561.7466856068072,3296.359895646701,7590.146036069606,9875.64234929147,9312.354629798572,41823.43584155407,5144.785081335271,5985.823090951796,5756.165578123386,8065.8201252293575,0.0,0.0,0.0,0.0,4589.621901213609,5339.905228440035,4807.900342951203,3513.5836791684474
2025-08-25,203889.726801345,214651.1699101434,-0.051434952174470173,0.0,-9856.888131436566,0.8594950106547848,9721.461576079484,11310.666677021698,9474.854828653783,27190.818219738914,1536.2395855454238,3186.0894661473767,1540.726029227499,3258.775906797716,9907.534872608454,12707.273671672003,9651.627877884423,43353.809764414495,6553.783088899353,7625.155478106286,6274.774679982655,8864.837778547893,0.0,0.0,0.0,0.0,4764.4167704730535,5543.2744942212075,4773.47496418383,3500.040753103053
2025-09-01,252293.91404893104,267060.36815621384,-0.0568799973341827,0.0,-34438.52510541342,0.8594950106547848,25194.5047036199,29313.14829207222,22653.697132157104,53832.00996967674,4961.397603828994,10169.30009181235,4359.735656077859,7203.307212920051,26100.491740608857,27123.29026040982,19028.911949315698,75485.46303650567,17398.56970801069,20242.78150812769,13507.489302920341,17903.372831517976,20044.639657940672,23321.414795264678,2004.4639657940677,4926.693086574563,12895.282783817442,15003.324770894822,11203.404120472047,5207.802063025199
2025-09-08,260679.4190390421,275547.24458241806,-0.05546772775313569,0.0,7135.090795675001,0.8594950106547848,15827.536405694465,18414.92528692709,16930.866377475606,45214.35469270148,4483.589672299207,6972.306181914915,4461.804988356978,7313.957574502652,34460.21540376539,33268.732399018845,27826.196234311283,92457.4635437644,11777.274690316695,13702.551549827465,12382.498666166168,16761.925968811815,15017.022517519279,17471.913543836556,6512.862166237097,22823.600600186266,6363.040796407883,7403.231801846481,7371.351706369394,4352.974111292144
2025-09-15,244942.1630831864,246995.7508576882,-0.008349019846868443,0.0,-214.57238519655309,0.8594950106547848,18225.59978426133,21205.00940473943,18016.328682647287,47134.76730640773,6745.909471611287,7433.361203952924,6344.158317961295,9081.786141700235,46058.45810767923,48170.99247178831,38220.183281237456,104048.54657723966,14044.308802027746,16340.18653735807,13463.00850249218,17859.92252385209,16477.286061265953,19170.892043588647,11415.37613288862,39874.577517981255,8816.644400933897,10257.93552218198,8515.571053452766,4646.570326064597
2025-09-22,243862.60651490279,245540.4727593104,-0.006856813491061268,0.0,-45929.19966747683,0.8594950106547848,12718.393085530739,14797.518226244907,13574.712086041061,38222.012593143314,5683.798196901049,5807.701644631548,5799.94894278027,8618.513764022666,14385.893433913992,16508.044041392903,24632.505920090927,87319.66836071694,12472.692168388652,14511.651625396455,12819.09707224029,17215.56472297028,11385.10223006836,13246.26913354029,13370.97363200843,45295.857927451834,6976.361099668754,8116.813958412611,7296.998628535771,4332.4676192991865
2025-09-29,240427.79428215188,251501.16190625905,-0.0450277966425052,0.0,19389.000157137278,0.9866528571044073,13410.26579979234,13591.67583941154,13436.845677228217,37897.378285697174,3629.288595322293,4215.20443325812,4011.086059247831,6811.7331783311,21394.723847985577,23845.036514016003,22786.717025731476,83868.3552274353,8562.196101611313,8678.022913488876,10051.250560162058,14096.196925931235,0.0,0.0,12496.989394844415,42966.4228009228,6285.376980130791,6370.403668192767,6496.110983288226,4098.896112662502
2025-10-06,249630.46434460994,246839.82963025814,0.011242018460659496,0.0,-11607.190964308154,0.9866528571044073,17625.292295319756,17863.721944763653,16948.30286081258,45246.42234912358,7974.180003083877,6756.334543536663,7277.111381513954,9801.621048247216,40531.15396904544,38238.192300863084,32902.76397425293,98917.48558509469,10972.804016241398,11121.240806461537,10650.445761783752,14821.833220955308,0.0,0.0,8885.376394697341,31688.558463163907,9169.68321261986,9293.72792729827,8612.743193254386,4669.759411871225
2025-10-13,264476.23051015264,255884.88974212293,0.03302368760196696,0.0,-38155.68909114522,0.9866528571044073,20395.606526327756,20671.5121529005,19838.409939597364,50035.610269272736,8366.945175733563,7244.913052298076,8175.254302355119,10418.490442272696,23124.400218725357,23639.302183964675,27328.375013201803,91718.67284825035,12813.757611617095,12987.098267999185,12057.037185461419,16414.714859531072,0.0,0.0,4848.790926573678,16100.67966852869,10701.407850139156,10846.17327470703,10266.31171902407,5029.302108065791
2025-10-20,269054.1471088893,253004.7673045197,0.061504318062409816,0.0,26632.752091100156,0.9866528571044073,12786.00113303221,12958.966308125939,13925.900166414114,39034.91316939894,5498.918914154816,4844.378368594292,5969.659564945463,8766.723698685504,13546.42749700511,14260.08744261896,19471.518399663357,76579.84204061153,8468.129976348406,8582.684289994724,9723.524327481626,13687.11111274085,0.0,0.0,2262.7149764205196,5843.581984174952,7358.363379115734,7457.905104243846,7964.12700598836,4510.001653559445
2025-10-27,254000.69726818262,256268.28253321297,-0.00888786221356059,0.0,-25911.56786449273,0.9866528571044073,12283.994421224474,12450.16860061105,12549.379883427066,35731.89259105138,4798.958967130438,5399.434928315402,5004.873503813235,7874.562432127626,19233.109425680796,18744.3827848503,19335.638748964633,76247.16525182938,8831.577245608065,8951.048164525317,9143.577098625006,12941.857807123093,15201.164641596128,15406.80142173606,2418.9172968883504,6414.398794625711,6469.282383949332,6556.796888963709,6780.6780431293655,4184.661161279822
2025-11-03,256746.50602325454,265320.7614174615,-0.03285027422325089,0.0,13469.95044304797,0.9866528571044073,18499.307890484506,18749.560959845185,17537.605674072867,46306.54360884915,4584.852048053528,6311.371884720476,4658.729625235738,7522.58787797742,31128.4660338716,35117.47603151312,26058.745139170664,89734.3646221689,12382.009587370907,12549.50968642525,11249.215423054513,15518.558530256985,14821.389132684908,15021.88842404225,5510.132118268892,18802.513268806026,7937.886140788169,8045.267475415808,7696.824580690464,4440.575479488353
2025-11-10,253951.91166785485,267488.22483951814,-0.051930621123507784,0.0,-21359.651551281153,0.9866528571044073,20482.61078832184,14828.352415974967,20006.60201289816,50284.54899637205,4783.407819757867,4912.181923761097,4761.478171641175,7628.984540634706,108019.02946745169,69466.68704818028,72783.90879396193,119343.81045025091,17021.079604749662,12322.382604833494,15002.099242146694,19287.375566944364,14134.21019237703,14325.413533851806,9679.11769488777,34403.0892637536,6937.107120085522,7030.950217327997,7095.366193046815,4275.893231736679
2025-11-17,256292.80987111834,267894.707990178,-0.04427344326853099,0.0,2582.243199323485,0.9866528571044073,27074.761916713593,19600.729390832712,25932.316993784134,57405.92193573112,7251.275651709977,6965.834465870924,6813.345155873468,9454.759698291176,65356.98253374946,46382.02040092814,68550.50401998483,118333.98518083684,22518.713075926695,16302.385320647043,19889.427196731143,22929.181792591637,18964.53760372533,19221.08416062541,12612.632683759568,43283.13483156978,13187.835370989349,13366.236438713131,11918.694462033793,5333.788067709271
2025-11-24,490338.7179427133,502972.2536605717,-0.02543859346833278,0.0,6427.124904054344,0.9866528571044073,36399.59930052071,36892.00212458202,34707.74545290849,63939.36370988023,14306.777652243638,12382.9076013175,12988.75775852677,12845.598330215467,35498.52340634496,33938.698973516846,49708.36040462469,111551.67008534196,23576.352606226803,23895.28640845152,22286.685162696303,24321.56147307361,33003.709584531956,33450.17383458457,16469.734925140536,52455.566514053506,15257.506951166166,15463.90591311248,14561.988704829286,5736.640601241087
2025-12-01,306986.7132870478,342984.77311900875,-0.11088158548614761,0.0,19037.986891606233,0.9866528571044073,33849.7003862468,24505.434960889357,33988.388424823104,63525.59727246185,7232.176839332711,8348.034243779828,8244.701898638945,10463.432145351599,42941.002964545754,24484.374818304892,45850.56513959034,109444.663599681,27599.600915054325,19980.685721081438,25741.15952068115,25987.254265129126,24947.754096359266,25285.239805188445,21221.419066862683,60737.31100871991,11703.684768173174,11862.008693230484,12299.106816173276,5397.527639151904
2025-12-08,246174.34404198508,272730.86819606496,-0.10244547762067845,0.0,-28486.32596620021,0.9866528571044073,34286.065127607646,24821.340498209513,34237.950874814036,63671.1065865692,8517.265621337297,8246.219053039633,8469.3243867166,10606.272744220154,28110.794262970405,23555.425450761537,35737.34981311496,101825.06273197658,21342.08268029173,15450.565679580046,22880.8798149408,24634.437845514058,20543.660156831756,20821.568608357895,24064.547952507015,64525.68389533269,11588.785291137126,11745.554890650668,11736.75454980557,5302.523426955182
2025-12-15,317940.8892639342,347101.97594421334,-0.08775313289070237,0.0,22377.915423471648,0.9866528571044073,32391.877147356565,32830.064712343774,32690.262808100142,62733.29499859419,7885.586850205962,8508.568831435492,7988.260449819464,10295.598405000103,27640.860875850376,31752.390200931375,31121.493910378635,96853.97243046886,19045.678258805365,19303.322462066266,20387.229264501133,23236.65362266746,26286.022681258524,26641.612084722263,24089.103314102413,64555.34907934168,13095.924443865391,13273.082168229696,12812.791604198914,5480.27297586349
2025-12-22,344996.1880145331,348375.8791669462,-0.009748641684227774,0.0,-37367.068954037364,0.9866528571044073,37569.90721316023,38078.1416104333,36781.197697723874,65040.879442440026,15328.30251810428,13622.019790272694,14037.262467482284,13236.728625802732,36676.8518772339,32735.544340463286,34288.73044731096,100392.74067286767,25418.363045826518,25762.215010883767,23658.490615771843,25026.427444833284,0.0,0.0,21756.481497195833,61507.41548475336,20504.777261897943,20782.1597173241,18902.43618043681,6243.276625460794
